espèces,species
pratique,practice
mesure,measure
formulaire,form
commande,order
qualité,quality
condition,condition
État,state
action,action
élément,element
partie,part
division,division
sol,ground
pouvoir,power
gare,station
registre,register
personne,person
lieu,place
ordinaire,ordinary
sous,under
faire,make
lumière,light
exercice,exercise
échange,exchange
parallèle,parallel
charge,charge
soutien,support
jugement,judgment
substance,substance
chiffre,figure
force,strength
son,sound
service,service
quantité,quantity
standard,standard
indiquer,point
personnage,character
grève,strike
décharge,discharge
forcer,force
retour,return
printemps,spring
entre,between
sans,without
eau,water
esprit,spirit
distance,distance
contracter,contract
position,position
double,double
intérêt,interest
langue,language
passage,passage
entreprise,business
manière,manner
relation,relation
processus,process
souche,strain
palier,bearing
propriété,property
avance,advance
compte,account
religion,religion
surface,surface
doubler,line
degré,degree
rapport,report
cours,course
matière,matter
phrase,sentence
corps,body
exprimer,express
fermer,close
quart,quarter
tête,head
prendre,take
usine,plant
argument,argument
augmenter,increase
maison,house
mouvement,movement
tableau,table
équilibre,balance
dos,back
entrée,entrance
régler,settle
raison,reason
machine,machine
échelle,scale
autorité,authority
capable,capable
rien,anything
action,stock
casser,break
dans,into
détresse,distress
travail,work
debout,standing
croix,cross
couleur,color
nombre,number
accident vasculaire cérébral,stroke
convertir,convert
fonction,function
presse,press
question,question
progrès,progress
ensemble,together
touche,touch
capacité,capacity
physique,physical
spécifique,specific
externe,external
produire,produce
incapable,incapable
passion,passion
représenter,represent
promesse,promise
tendre,tender
problème,issue
famille,family
gamme,range
domestique,domestic
épaule,shoulder
changement,change
approche,approach
transfert,transfer
transport,carriage
sentiment,feeling
sécurité,security
quelque chose,something
direction,direction
pression,pressure
cadre,frame
comme,like
entreprise,company
variété,variety
solution,solution
dépôt,deposit
circulaire,circular
recevoir,receive
plaisir,pleasure
bureau,office
faculté,faculty
mouvement,motion
pays,country
occasion,occasion
ouvrir,open
ajout,addition
contraire,contrary
servir,serve
trouble,disorder
couronne,crown
marque,mark
poids,weight
langue,tongue
montagne,mountain
adresse,address
navire,vessel
lancer,throw
science,science
système,system
tourner,turn
objet,object
caractère,temper
interne,internal
base,base
passer,pass
principe,principle
un autre,another
prise,hold
boussole,compass
pas,pitch
influence,influence
entrer,enter
commande,command
réduire,reduce
niveau,level
surprendre,surprise
temps,time
bas,bottom
affronter,face
fleur,flower
extrême,extreme
augmenter,raise
but,purpose
nature,nature
répondre,answer
vers le bas,down
contre,against
bâton,stick
enregistrer,record
article,article
discours,discourse
chaîne,string
coquille,shell
côté,side
automne,fall
en arrière,backward
déterminer,determine
plusieurs,several
avant,forward
période,period
goût,taste
dessiner,draw
déchets,waste
en cours d'exécution,running
propagé,spread
chambre,chamber
cause,cause
province,province
indigène,native
conduire,conduct
maintenir,maintain
descente,descent
bloc,block
présence,presence
simple,simple
plomb,lead
avis,opinion
justice,justice
garde,guard
apparence,appearance
saison,season
égard,regard
vérifier,check
tirer,shoot
société,society
règle,rule
modèle,pattern
sphère,sphere
directement,directly
casting,cast
vie,life
donner,give
connaissance,knowledge
couverture,cover
faible,weak
brouillon,draught
section,section
décision,decision
rendre,render
battre,beat
augmenter,rise
tribunal,court
main,hand
rouler,roll
vent,wind
célibataire,single
garder,keep
après,after
respect,respect
estomac,stomach
quelques,some
racine,root
bois,timber
syllabe,syllable
morceau,piece
gage,pledge
bifurquer,branch
noeud,knot
porter,carry
culte,worship
style,style
exemple,example
effet,effect
corne,horn
dehors,outside
mieux,better
église,church
avec,with
reproche,reproach
mince,slender
retirer,remove
être,being
grâce,grace
Terre,earth
élévation,elevation
conception,design
flux,stream
fournir,furnish
robe,dress
en écrivant,writing
torsion,twist
image,picture
depuis,from
lisse,smooth
bien,fine
ancre,anchor
articulation,joint
cœur,heart
expression,expression
centre,center
concours,contest
confiance,trust
devoir,shall
former,train
traverser,traverse
signe,sign
montre,watch
attraper,catch
avant,before
fortune,fortune
volonté,will
formation,formation
à propos,about
opération,operation
banque,bank
anneau,ring
proportion,proportion
opposition,opposition
partie,portion
dignité,dignity
révolution,revolution
poste,post
volontaire,voluntary
longueur,length
marché,market
harmonie,harmony
préparer,prepare
effectuer,perform
conseil,board
arbre,shaft
négligence,neglect
fer,iron
valeur,value
juge,judge
bouche,mouth
morale,moral
district,district
genre,genus
union,union
mari,husband
aile,wing
s'échapper,escape
extrait,extract
demande,demand
flexible,flexible
toujours,still
roue,wheel
fardeau,burden
travail,labor
note,note
intervalle,interval
colonne,column
référence,reference
lettre,letter
liberté,freedom
avaler,swallow
médecine,medicine
histoire,history
différence,difference
personnes,people
poignée,handle
déclin,decline
bien,good
liberté,liberty
mode,fashion
repos,rest
impression,impression
dessin,drawing
minute,minute
métal,metal
texture,texture
doctrine,doctrine
coupe,cutting
papier,paper
vue,sight
suivre,follow
sel,salt
souffler,blow
membre,member
signifier,mean
mère,mother
fil,thread
soulager,relieve
afficher,display
loin,distant
maladie,disease
sens,sense
destiné,intended
rassembler,gather
jouer,play
sang,blood
gonfler,swell
truc,stuff
facture,bill
ouverture,opening
querelle,quarrel
monde,world
sécurisé,secure
scène,stage
gouvernement,government
avion,plane
composition,composition
allocation,allowance
chose,thing
établir,establish
considérer,consider
examiner,examine
attaque,attack
avantage,benefit
hauteur,height
mobile,movable
voix,voice
plate-forme,platform
alterner,alternate
avoir,have
catholique,catholic
avantage,advantage
poussée,thrust
marbre,marble
mercure,mercury
fabrication,making
gorge,throat
pied,foot
abri,shelter
élastique,elastic
peinture,painting
joindre,inclose
tige,stem
réduction,reduction
légume,vegetable
tambour,drum
guide,guide
étude,study
dans,within
succession,succession
avis,notice
vers le bas,downward
commerce,trade
étendre,extend
coutume,custom
foi,faith
mécanique,mechanical
devant,front
accord,agreement
verre,glass
normale,normal
exposition,exposure
application,application
forme,shape
plus,more
chance,chance
résultat,result
résidence,residence
faire la fête,party
porter,wear
confiance,confidence
continuer,continue
poudre,powder
apprentissage,learning
situation,situation
bouclier,shield
rugueux,rough
champ,field
privilège,privilege
manifeste,manifest
organe,organ
derrière,behind
haleine,breath
appartenance,belonging
frontière,border
respiration,breathing
inquiéter,trouble
image,image
plâtre,plaster
existence,existence
passage,passing
rang,rank
autour,around
comptoir,counter
sous,beneath
lâche,loose
marteau,hammer
paquet,pack
secondaire,secondary
réunion,meeting
tonifier,tone
mémoire,memory
garantir,warrant
titre,title
souffrir,suffer
métallique,metallic
partir,leave
facilement,easily
primaire,primary
rapide,quick
discipline,discipline
verrouillage,lock
affecter,affect
ministre,minister
fleurir,flourish
censurer,censure
estimation,estimate
traiter,treat
livrer,deliver
baisse,drop
attention,attention
se rendre,surrender
feuille,sheet
bâtiment,building
assister à,attend
plaine,plain
limite,limit
apparaître,appear
fixer,fasten
lier,bind
montrer,show
témoin,witness
ornement,ornament
possession,possession
évêque,bishop
entraver,hinder
au-delà,beyond
cas,case
engagement,covenant
mariage,marriage
rendement,yield
taper,type
uniforme,uniform
peu importe,whatever
se,himself
critique,critical
difficulté,difficulty
retenir,restrain
prince,prince
astuce,trick
chef,leader
femelle,female
sol,floor
feu,fire
FAUX,false
dépression,depression
joint,seal
similaire,similar
timbre,stamp
dormir,sleep
détruire,destroy
anciennement,formerly
correspondre,match
gestion,management
croissance,growth
costume,suit
divers,various
sud,south
projection,projection
habitude,habit
tissu,tissue
différend,dispute
se déplacer,move
sacrifier,sacrifice
devenir,become
agréable,agreeable
crédit,credit
large,broad
nord,northern
céleste,heavenly
arrangement,arrangement
impulsion,impulse
sport,sport
appliquer,apply
en direct,live
tension,tension
écrire,write
au-dessus de,above
bois,wood
four,furnace
circuit,circuit
décret,decree
procès,trial
ombre,shade
enfant,child
imitation,imitation
rencontrer,meet
vérité,truth
équitable,fair
offre,offer
constante,constant
sensible,sensible
correctement,properly
partager,share
appareil,device
paire,pair
sucre,sugar
restaurer,restore
commission,commission
bonheur,happiness
mot,word
modèle,model
croyance,belief
livraison,delivery
place,spot
communément,commonly
cérémonie,ceremony
transmettre,convey
comportement,behavior
impression,printing
balle,ball
en particulier,especially
admettre,admit
musculaire,muscular
mince,thin
en rapport,related
vapeur,vapor
foule,crowd
calme,quiet
méthode,method
vie,living
d'abord,first
faute,fault
peau,skin
inverse,reverse
collège,college
chef,chief
vouloir,want
bataille,battle
appétit,appetite
disposition,disposition
récupérer,recover
faisceau,beam
boire,drink
révérence,reverence
converser,converse
essence,essence
même,same
priver,deprive
large,wide
faucon,hawk
composer,compose
squelette,skeleton
erreur,error
noyau,nucleus
proposition,proposition
plier,bend
bateau,ship
boire,drinking
difficile,difficult
fouet,whip
natation,swimming
vide,empty
laver,wash
obligation,obligation
coton,cotton
nerf,nerve
en général,generally
prière,prayer
siècle,century
voir,view
coloration,coloring
effort,exertion
inclinaison,incline
unir,unite
observation,observation
milieu,middle
communauté,community
territoire,territory
os,bone
histoire,story
incolore,colorless
peu profond,shallow
solitaire,solitary
doute,doubt
acide,acid
glisser,slip
parler,speak
tromper,deceive
appareil,apparatus
couler,flow
même,even
domination,dominion
introduire,introduce
gravité,severity
région,region
intime,intimate
signification,meaning
philosophie,philosophy
extrémité,extremity
pesanteur,gravity
en avant,forth
diamètre,diameter
près,near
gratter,scratch
est,east
chaussure,shoe
prévenir,prevent
succès,success
broche,spindle
quoi,what
activité,activity
boulon,bolt
projet,project
rusé,cunning
dérive,drift
accident,accident
protection,protection
mal,evil
groupe,group
jaune,yellow
fantaisie,fancy
particule,particle
confusion,confusion
document,document
énergie,energy
échappement,exhaust
série,series
réception,reception
dire,utter
qui donne,yielding
télécommande,remote
rigide,stiff
sauvage,wild
découvrir,discover
politique,policy
angle,angle
ci-dessous,below
arbre,tree
taux,rate
vêtements,clothing
moteur,engine
tronc,trunk
réclamer,claim
tribu,tribe
obtenir,obtain
meubles,furniture
séquence,sequence
pétition,petition
corde,rope
remède,remedy
oblique,oblique
remplir,fill
économie,economy
odeur,smell
promouvoir,promote
argent,money
résoudre,resolve
revêtement,covering
aiguille,needle
fossile,fossil
valeur,worth
combiner,combine
plutôt,rather
gagner,gain
sol,soil
compétence,skill
noble,noble
posture,posture
perdre,lose
brosse,brush
cuivre,copper
diminuer,diminish
pièce jointe,attachment
sensation,sensation
à l'intérieur,inside
tache,stain
affinité,affinity
bord,edge
perception,perception
ébullition,boiling
vapeur,steam
teinture,tincture
arrière,stern
déclaration,declaration
accent,accent
perte,loss
perspective,prospect
fait,made
cerveau,brain
complexe,complex
paiement,payment
gérer,manage
cent,hundred
musique,music
horizon,horizon
citron vert,lime
royaume,kingdom
souffrance,suffering
riche,rich
chambre,room
collier,collar
élevé,elevated
holding,holding
amour,love
traité,treatise
instruire,instruct
percevoir,perceive
accepter,agree
licence,license
réflexion,reflection
fermer,shut
dissoudre,dissolve
batterie,battery
variation,variation
prix,price
charger,load
nécessité,necessity
à venir,coming
véhicule,vehicle
axe,axis
balayer,sweep
mur,wall
soutenir,sustain
voter,vote
conduite,driving
saveur,flavor
race,breed
préparé,prepared
selle,saddle
fierté,pride
divinité,divinity
aromatique,aromatic
fondation,foundation
continu,continued
nation,nation
transport,conveyance
maîtresse,mistress
coin,corner
louer,rent
profession,occupation
réputation,reputation
naviguer,sail
prise,taking
herbe,grass
erreur,mistake
subir,undergo
vers,toward
gravure,engraving
mobile,moving
liste,list
maison,home
devise,currency
port,port
veine,vein
seulement,only
vers,towards
disposer,dispose
blesser,wound
rapide,rapid
crochet,hook
siège,seat
marchander,bargain
copie,copy
couler,sink
partiellement,partially
sinon,otherwise
surmonter,overcome
tige,stalk
sentir,feel
maïs,corn
courage,courage
grandiose,grand
transport,carrying
rester,stay
roi,king
motif,motive
vitesse,velocity
marge,margin
danse,dance
piste,track
où,where
nord,north
alésage,bore
honorable,honorable
théorie,theory
graine,seed
cambre,arch
composite,composite
comparaison,comparison
âme,soul
pauvre,poor
calendrier,calendar
satisfaire,satisfy
déclaration,statement
récompense,reward
voyage,travel
ressemblance,likeness
réserve,reserve
retenue,restraint
intellect,intellect
courtoisie,courtesy
retard,delay
idée,idea
lutte,fight
partition,partition
lait,milk
littérature,literature
organisme,organism
pli,fold
équation,equation
ombre,shadow
facile,easy
peur,fear
forêt,forest
verset,verse
juste,just
absence,absence
selon,according
festin,feast
fret,freight
département,department
contour,outline
capitaine,captain
résistance,resistance
chasse,chase
formation,forming
intrusion,trespass
défendre,defend
temple,temple
investir,invest
déshonorer,dishonor
développement,development
imprimer,print
corde,cord
lame,blade
obscurité,darkness
retraite,retreat
défi,challenge
tir,shot
silence,silence
alcaloïde,alkaloid
échouer,fail
nuit,night
mille,thousand
danger,danger
ultime,ultimate
port,harbor
rien,nothing
exécuter,execute
aigre,sour
attacher,attach
emploi,employment
pont,bridge
pile,pile
durée,duration
avenir,future
cuir,leather
drapeau,flag
appel,calling
rencontre,encounter
cloche,bell
grandir,grow
moitié,half
signature,signature
ériger,erect
moralité,morality
procédure,proceeding
capable,able
tricher,cheat
insecte,insect
soit,either
traitement,treatment
menant,leading
profondément,deeply
trouver,find
écoulement,flowing
règlement,settlement
conseil,council
divisé,divided
habile,skillful
dépasser,exceed
agréable,pleasant
vitesse,speed
altitude,altitude
enroulement,winding
contenu,content
commettre,commit
en faillite,bankrupt
conséquence,consequence
exciter,excite
exposition,exhibition
bruit,noise
béton,concrete
reproduction,breeding
beaucoup,much
cheveux,hair
prouver,prove
admission,admission
agrandir,enlarge
respirer,breathe
audience,hearing
élevage,raising
attribut,attribute
ferme,firm
organiser,arrange
repas,meal
sable,sand
plat,dish
étrange,strange
quatrième,fourth
atlantique,atlantic
congrès,congress
loge,lodge
tirer,pull
sterling,sterling
inséré,inserted
contact,contact
chanter,sing
préfixe,prefix
préjugé,prejudice
disposition,provision
vide,void
poitrine,chest
vulgaire,vulgar
sangle,strap
capricieux,wanton
carte,card
analyse,analysis
institution,institution
ridicule,ridicule
entretoise,brace
troisième,third
prononcer,pronounce
assez,enough
fissure,crack
pièce de monnaie,coin
manteau,coat
flamme,flame
capsule,capsule
coupable,guilty
plaisir,delight
posséder,possess
conception,conception
électricité,electricity
affectant,affecting
merveille,wonder
impliquer,involve
réaction,reaction
envelopper,envelop
enfreindre,breach
obstruer,obstruct
atmosphère,atmosphere
manteau,mantle
souviens-toi,remember
encore,again
récepteur,receiver
consonne,consonant
vide,blank
explosion,blast
excuse,excuse
membre,limb
excellence,excellence
blessure,injury
fidèle,faithful
protéger,protect
principalement,chiefly
pastorale,pastoral
isomère,isomeric
sentiment,sentiment
percer,drill
éclatement,burst
envoyer,send
rejoindre,join
secouer,shake
choc,shock
morbide,morbid
de côté,aside
effort,effort
bateau,boat
moment,moment
âcre,pungent
pénétrer,penetrate
grappe,cluster
enceinte,pregnant
hiver,winter
fermenter,ferment
angulaire,angular
régler,tune
institut,institute
source,source
occuper,occupy
communion,communion
opposer,oppose
berceau,cradle
légèrement,lightly
tissu,cloth
estime,esteem
équitation,riding
supposer,assume
maîtriser,subdue
convenance,propriety
très,very
sondage,sounding
plan,plan
parfum,scent
tube,tube
possible,possible
stigmate,stigma
créature,creature
disperser,disperse
profondeur,depth
responsable,liable
profane,profane
outil,tool
clôture,fence
avant,fore
exemple,instance
guérir,cure
rivière,river
contraste,contrast
mesure,measuring
divulguer,disclose
paradis,heaven
gentillesse,kindness
performance,performance
hangar,shed
mars,march
rare,rare
paroisse,parish
nuage,cloud
rendu,rendering
servile,servile
transport,transport
romance,romance
origine,origin
soi,self
dame,lady
douze,twelve
dentelle,lace
prendre,pick
romantique,romantic
océan,ocean
déprimer,depress
peine,penalty
éruption,eruption
enquête,survey
sonore,sonorous
vivace,perennial
rive,shore
voyage,journey
fonderie,casting
réussir,succeed
améliorer,improve
analogue,analogous
raide,steep
tournage,shooting
locataire,tenant
hostile,hostile
aventure,venture
effort,endeavor
larme,tear
paix,peace
accrocher,hang
miser,stake
réprimer,suppress
grille,gate
page,page
alcool,liquor
vernis,varnish
bivalve,bivalve
vice,vice
sublime,sublime
en bois,wooden
intensité,intensity
alphabet,alphabet
élever,elevate
tenace,tenacious
conversion,conversion
jack,jack
événement,event
employer,employ
tonnerre,thunder
muscle,muscle
lune,moon
pomme,apple
défaite,defeat
rustique,rustic
comprendre,understand
dégrader,degrade
pont,deck
ancêtre,ancestor
putting,putting
agence,agency
conflit,conflict
favorable,favorable
tempête,storm
mordre,bite
détremper,distemper
fil,wire
subalterne,subordinate
à part,apart
facilité,ease
polonais,polish
débat,debate
se livrer à,indulge
déviation,deviation
arrêter,arrest
trou,hole
serpent,serpent
détermination,determination
aboyer,bark
brun,brown
chuchoter,whisper
préalablement,beforehand
auxiliaire,auxiliary
prime,prime
orange,orange
tôt,early
inondation,flood
couche,layer
bonnet,bonnet
digérer,digest
accord,accord
gratter,scrape
balançoire,swing
cerise,cherry
renoncer,renounce
soulevé,raised
don,giving
danger,hazard
chaîne,warp
score,score
invention,invention
ceinture,girdle
cour,yard
séparation,parting
abus,abuse
réceptacle,receptacle
électrique,electric
lanterne,lantern
livre,pound
appartenir,belong
cacher,hide
pigment,pigment
réalité,reality
trafic,traffic
trésorerie,treasury
poésie,poetry
acte,deed
prémisse,premise
croire,believe
crête,ridge
éclair,flash
manille,shackle
endurer,endure
prix,prize
usage,usage
pense,think
pêche,fishing
scène,scene
terminaison,termination
blesser,injure
reconnaître,recognize
fait,fact
solidité,solidity
anatomie,anatomy
réciproque,reciprocal
charité,charity
journal,journal
manger,eating
revoir,review
galerie,gallery
compréhension,understanding
dureté,hardness
chapitre,chapter
humble,humble
confirmer,confirm
fracture,fracture
année,year
distinguer,distinguish
jardin,garden
leur,their
plonger,plunge
adhésion,adhesion
pureté,purity
industrie,industry
exception,exception
découverte,discovery
pousser,push
entièrement,entirely
peinture,paint
enquête,inquiry
tracer,trace
mystère,mystery
importance,importance
tourmenter,torment
soins,care
génie,genius
bouteille,bottle
vingt,twenty
association,association
sanction,sanction
rassemblement,gathering
bande de roulement,tread
cadeau,gift
coup d'oeil,glance
goût,relish
par intérim,acting
garniture,trim
départ,departure
émotion,emotion
compte,reckoning
royauté,royalty
capacité,ability
induction,induction
trois,three
validité,validity
crime,crime
le long de,along
flotte,fleet
triangle,triangle
oiseau,bird
passage,crossing
sottises,mischief
épée,sword
protestation,protest
charbon,coal
punition,punishment
monter,mount
soluble,soluble
presser,squeeze
violation,violation
multiplier,multiply
probable,probable
patience,patience
diminuer,decrease
châtaigne,chestnut
commencer,begin
projection,showing
rupture,rupture
paragraphe,paragraph
concernant,concerning
refléter,reflect
développer,expand
treuil,windlass
construction,construction
gauche,left
harnais,harness
arme,weapon
mature,mature
destruction,destruction
ride,wrinkle
version,version
alliance,alliance
information,information
siphon,siphon
séparation,separation
crête,crest
conique,conical
remplissage,filling
poche,pocket
angle,angles
alimentation,feeding
correction,correction
oxygène,oxygen
aversion,dislike
distribuer,distribute
magnétique,magnetic
brique,brick
publiquement,publicly
légèrement,slightly
volontaire,deliberate
haie,hedge
en bonne santé,healthy
physique,bodily
sage,wise
vanité,conceit
fille,daughter
jaunâtre,yellowish
poursuivre,pursue
identique,identical
mensonge,falsehood
ressemblance,resemblance
description,description
facilement,readily
sauvage,savage
arbitraire,arbitrary
académie,academy
neige,snow
regarder,looking
complet,thorough
connecter,connect
sécrétion,secretion
permettre,afford
articuler,articulate
cellule,cell
renforcer,strengthen
récréation,recess
bride,bridle
splendeur,splendor
imposer,impose
emblème,emblem
piquer,sting
remarquable,remarkable
ferme,truss
expliquer,explain
espoir,hope
résister,resist
calomnier,slander
piège,trap
aquatique,aquatic
eau douce,fresh-water
capot,hood
dédain,disdain
supprimé,removed
aventure,adventure
résumé,summary
compter,count
si,whether
pâturage,pasture
chlorure,chloride
trône,throne
rose,rose
rabais,discount
durable,lasting
cesser,cease
aiguiser,sharpen
accélérer,quicken
reçu,receipt
moralement,morally
défense,defense
tas,heap
comestible,edible
bête,beast
palmier,palm
dimension,dimension
gospel,gospel
fluide,fluid
île,island
accord,deal
fonctionner,operate
bétail,cattle
supposer,suppose
crème,cream
là,there
rouleau,roller
brevet,patent
caoutchouc,rubber
rail,rail
laiton,brass
rendez-vous,appointment
vigueur,vigor
vasculaire,vascular
scarabée,beetle
prodigue,prodigal
abandonner,abandon
appréhension,apprehension
fertile,fertile
imagination,imagination
discuter,discuss
méfiance,distrust
combattre,contend
ascenseur,lift
malhonnête,dishonest
constatation,finding
maximum,utmost
utile,useful
concernant,pertaining
diffuser,diffuse
carbone,carbon
négliger,overlook
fleurir,blossom
coussin,cushion
notion,notion
expédition,dispatch
chou,cabbage
forteresse,fortress
équivoque,equivocal
panier,basket
intendant,steward
jeunesse,youth
lavage,washing
paresseux,sluggish
maturité,maturity
infâme,infamous
autre,else
agile,dexterous
vêtements,apparel
deuil,mourning
proposer,propose
se précipiter,rush
dépendance,dependence
jusqu'à,till
rayonner,radiate
voile,sailing
infusion,infusion
solennité,solemnity
frette,fret
très,highly
charte,charter
grattage,scraping
couteau,knife
azote,nitrogen
marée,tide
ampleur,magnitude
lin,linen
persuader,persuade
résidu,residue
flexion,bending
longeron,spar
imaginaire,imaginary
vol,flying
accepter,accept
pain,bread
attitude,attitude
chevalier,knight
floraison,bloom
attribuer,assign
générer,generate
déposer,file
feuillage,foliage
festival,festival
parade,parade
expérience,experiment
éminence,eminence
conquérir,conquer
traduire,translate
secte,sect
mélancolie,melancholy
largeur,breadth
flatter,flatter
répéter,repeat
abdomen,abdomen
monument,monument
chanson,song
déduction,deduction
soumettre,submit
enflammer,inflame
concert,concert
flush,flush
dégoût,disgust
acceptation,acceptance
inspirer,inspire
connaissance,knowing
ménage,household
souche,stump
ciment,cement
imposer,enforce
embarrasser,embarrass
club,club
adoucir,soften
progéniture,offspring
s'il te plaît,please
émail,enamel
honte,shame
pratique,practical
examen,examination
barbe,beard
limite,boundary
chaleur,warmth
publier,publish
décorer,decorate
changement,shift
décrochage,stall
stérile,sterile
nuisible,noxious
sucrer,sweeten
tabac,tobacco
bronze,bronze
récital,recital
théologie,theology
distillation,distillation
étagère,rack
animer,animate
paradis,paradise
juridiction,jurisdiction
alarme,alarm
conquête,conquest
bras,arms
perche,perch
politique,politic
pagayer,paddle
viande,meat
lance,spear
lié,relating
roseau,reed
immédiatement,immediately
partage,dividing
prudence,caution
inutile,useless
hôpital,hospital
misérable,wretched
jouissance,enjoyment
défaut,defect
frère,brother
empire,empire
procession,procession
réduire,lessen
camaraderie,fellowship
sagesse,wisdom
transitoire,transient
affaiblir,weaken
ternir,tarnish
monté,mounted
paille,straw
colline,hill
chlore,chlorine
beurre,butter
rappel,recall
sulfurique,sulphuric
vexation,vexation
perfection,perfection
quatre,four
château,castle
embrouiller,confuse
plus loin,farther
jonction,junction
mât,mast
ministère,ministry
sous-ordre,suborder
ancêtre,forbear
tribunal,tribunal
irritation,irritation
sinistre,sinister
sensibilité,sensibility
exister,exist
glande,gland
calme,calm
modeste,modest
épeler,spell
légitime,legitimate
hypothèque,mortgage
ligue,league
fréquemment,frequently
limitation,limitation
cadre,framework
pire,worse
point,stitch
aigu,shrill
culture,culture
date,date
planète,planet
disciple,disciple
devinette,riddle
stratagème,contrivance
jarret,shank
jauge,gauge
mérite,merit
piste,trail
garniture,trimming
marquage,marking
toujours,always
interpréter,interpret
régiment,regiment
décoration,decoration
à l'étranger,abroad
chiffrer,cipher
combat,combat
arsenic,arsenic
difficile,tough
sentinelle,sentinel
importer,import
de rechange,spare
orner,adorn
alors,then
richesse,wealth
adversaire,opponent
compresse,compress
affiner,refine
soupape,valve
dépenser,spend
conformité,conformity
sans vie,lifeless
poursuivre,prosecute
panneau,panel
grille,grating
tumulte,tumult
floraison,flowering
la plupart,most
convenable,fitting
adoption,adoption
talon,heel
hydraté,hydrous
en colère,angry
étroitement,closely
chauffage,heating
grammaire,grammar
revue,magazine
argile,clay
matin,morning
sauter,vault
couple,couple
botte,boot
émission,emission
université,university
thorax,thorax
exclure,exclude
logique,logical
faire,doing
vendre,sell
triste,mournful
crâne,skull
élaborer,elaborate
canon,canon
septième,seventh
défensive,defensive
orchestre,orchestra
simplicité,simplicity
transformer,transform
confondre,confound
piscine,pool
violer,violate
probable,likely
vésicule,vesicle
scientifique,scientific
trésor,treasure
création,creation
maçonnerie,masonry
attirance,attraction
ventre,belly
adversaire,adversary
chaque,each
crayon,pencil
déléguer,delegate
garnison,garrison
variance,variance
corolle,corolla
tempérament,temperament
contraindre,constrain
exempter,exempt
récupération,recovery
en retard,late
plainte,complaint
fusion,melting
dialecte,dialect
prison,prison
légitime,rightful
excursion,excursion
prière,entreaty
dette,debt
dénégation,denial
éviter,avoid
proverbe,proverb
anxiété,anxiety
clivage,cleavage
cheminée,chimney
rire,laughter
métrique,metrical
tic,twitch
amélioration,improvement
univers,universe
chimie,chemistry
pédoncule,peduncle
réduction,abatement
canal,canal
sécurité,safety
dérision,derision
transpirer,sweat
compter,reckon
redouter,dread
dépendre,depend
tendre,tend
enthousiasme,enthusiasm
barbare,barbarous
concevoir,devise
authentique,genuine
imiter,imitate
pratique,convenient
Miel,honey
hématome,bruise
pensée,thinking
enfants,children
se conformer,conform
contention,contention
monter,ride
découvrir,uncover
voler,steal
honnête,honest
champignon,mushroom
nid,nest
harmoniser,harmonize
désactiver,disable
ramper,creep
ainsi,thus
chaise,chair
extrêmement,extremely
cohérence,consistency
bord,verge
inquiétude,disquiet
vanité,vanity
défi,defiance
masque,mask
détroit,strait
réveiller,rouse
frange,fringe
basse,bass
compensation,compensation
rapidement,quickly
construire,build
ressemblant à,resembling
ville,city
amidon,starch
fortement,heavily
platine,platinum
coq,cock
omission,omission
caution,surety
proposition,proposal
punir,punish
contenu,contents
britannique,british
exposition,exposition
gigantesque,gigantic
garantie,warranty
arrière,rear
fiction,fiction
collision,collision
armure,armor
planche,plank
recadrer,crop
encercler,encircle
antilope,antelope
scotch,scotch
accomplir,accomplish
émettre,emit
hésiter,hesitate
piédestal,pedestal
perle,pearl
bandage,bandage
fatigue,fatigue
soumission,submission
rapidité,rapidity
chaque,every
encens,incense
probablement,probably
plaider,plead
attendez,wait
porte,door
ruban,ribbon
donner,impart
rapide,swift
joug,yoke
narcotique,narcotic
bagatelle,trifle
se dérouler,unfold
leçon,lesson
glucoside,glucoside
réconcilier,reconcile
concevoir,conceive
plastique,plastic
habiter,inhabit
charbon de bois,charcoal
esclave,slave
éther,ether
estimation,estimation
solvant,solvent
oxydation,oxidation
divertissement,entertainment
spectre,spectrum
exhorter,urge
mixte,mixed
boisson,beverage
lance,lance
vente,sale
zone,area
secouer,vent
publication,publication
pose,laying
interférer,interfere
discorde,discord
déformation,deformity
construction,construct
sonner,toll
parenté,kindred
apprendre,learn
heureux,fortunate
chemin de fer,railway
reste,remainder
casque,helmet
naturellement,naturally
imaginer,imagine
orthodoxe,orthodox
frustrer,frustrate
se produire,occur
mollusque,mollusca
poétique,poetical
boucle,loop
populace,rabble
crabe,crab
revenu,income
faible,feeble
location,lease
embarrasser,perplex
demandeur,plaintiff
souvent,often
spéculation,speculation
suture,suture
ne peut pas,cant
dextérité,dexterity
exiger,require
pervers,pervert
insipide,tasteless
mécanisme,mechanism
ralentir,slacken
déposition,deposition
fabrication,manufacture
déité,deity
ordonnance,writ
critique,criticism
affaire,affair
dehors,out
inférence,inference
armée,army
essai,essay
proie,prey
abondance,abundance
périodique,periodical
pilier,pillar
sacrement,sacrament
rose,pink
purifier,purify
bonté,goodness
de derrière,hind
refus,refusal
visible,conspicuous
expédition,expedition
largement,widely
objection,objection
rapace,rapacious
parfum,perfume
poème,poem
canapé,couch
réponse,response
soumis,subjected
rembourrage,stuffing
recul,recoil
pin,pine
conclure,conclude
chute,falling
tonique,tonic
formalité,formality
attente,expectation
blâmer,blame
globulaire,globular
non naturel,unnatural
front,forehead
alcoolique,alcoholic
réciter,recite
nichée,brood
couture,seam
chute,tumble
branches,branches
fixation,fastening
assentiment,assent
gouverner,govern
sein,bosom
astucieux,artful
diminution,diminution
malade,sick
la tête la première,headlong
se tromper,mistaken
dériver,derive
homologie,homology
infliger,inflict
sulfure,sulphide
enseigner,teach
camion,truck
poche,pouch
moudre,grind
chaussée,pavement
heure,hour
gentiment,kindly
tumeur,tumor
se mélanger,mingle
cependant,however
intention,intent
musité,ordnance
mépris,scorn
bavarder,chatter
sédiment,sediment
connaissance,cognizance
littéralement,literally
dérivation,derivation
gentilhomme,gentleman
artisanat,craft
rate,spleen
parement,facing
portrait,portrait
quille,keel
procédure,procedure
vibration,vibration
estimé,valued
harangue,harangue
rouiller,rust
détruire,wreck
chemin,path
authentique,authentic
pallier,palliate
oxyde,oxide
fonctionnement,working
pacifique,pacific
aversion,aversion
pyroxène,pyroxene
houle,heave
chœur,chorus
magnésie,magnesia
ténor,tenor
atténuer,mitigate
indiquant,denoting
définition,definition
fiel,gall
carbonate,carbonate
en gros,bulk
entacher,taint
pillage,pillage
lentement,slowly
guérison,healing
efficace,effective
déjouer,foil
pressage,pressing
onctueux,unctuous
calcium,calcium
hydrocarbure,hydrocarbon
suggestion,suggestion
quotient,quotient
progressivement,gradually
remuer,stir
fougueux,spirited
couvent,convent
majorité,majority
récolte,harvest
statue,statue
ligament,ligament
noté,noted
écliptique,ecliptic
équitable,equitable
ni l'un ni l'autre,neither
adieu,farewell
caution,bail
flûte,flute
doit,must
facilité,facility
insigne,ensign
stérile,barren
s'abstenir,refrain
charitable,charitable
horloge,clock
tromperie,deception
blé,wheat
noble,nobleman
antimoine,antimony
pronom,pronoun
chancellerie,chancery
troupeau,flock
safran,saffron
exemption,exemption
allumer,kindle
tabouret,stool
rupture,breaking
épaissir,thicken
diminuer,abate
se vanter,boast
durcir,harden
prose,prose
salle,ward
diable,devil
céleste,celestial
légumineux,leguminous
lancement,throwing
diminutif,diminutive
exploser,explode
y compris,including
régulièrement,regularly
sermon,sermon
instantané,snap
terrible,dreadful
opprimer,oppress
magique,magical
soie,silk
rare,uncommon
indiquer,denote
livrée,livery
saumon,salmon
loi,statute
amenant,bringing
typique,typical
prostituer,prostitute
bourdonnement,humming
confus,confused
requis,required
foule,throng
attirer,attract
enseignement,teaching
emballage,packing
tyran,tyrant
serment,oath
tunnel,tunnel
alumine,alumina
problème,problem
titulaire,incumbent
insipide,insipid
bec,spout
articulation,articulation
défaut,default
pauvreté,poverty
coller,paste
analogie,analogy
malédiction,curse
flatterie,flattery
mépris,disregard
fendre,cleave
arrondissement,borough
blanchâtre,whitish
mois,month
esquisser,sketch
rarement,rarely
pimenter,spice
culpabilité,guilt
formule,formula
innocence,innocence
pasteur,clergyman
animation,animation
faire du vélo,cycle
portion,serving
arrêt,stopping
coude,elbow
potins,gossip
capillaire,capillary
fonctionnalité,feature
disponible,available
dont,whose
stratagème,stratagem
flèche,spire
affirmation,assertion
inquiétude,worry
acquérir,acquire
aléatoire,random
asiatique,asiatic
transaction,dealing
éclairer,brighten
dense,dense
tortue,tortoise
sculpture,sculpture
tonte,shearing
reptile,reptile
Bible,bible
crise d'épilepsie,seizure
intention,indent
impulsion,pulse
laine,wool
souhait,wish
mollusque univalve,univalve
fouetter,lash
retenir,withhold
soupçon,suspicion
adhérence,adherence
reconnaître,acknowledge
fermeté,firmness
célébrer,celebrate
brouiller,scramble
surnom,nickname
discerner,discern
diurne,diurnal
fût,cask
gambader,frolic
souris,mouse
signifier,signify
annoncer,announce
rapidité,quickness
orifice,orifice
accompagner,accompany
explosion,explosion
vêtir,clothe
caustique,caustic
rythme,pace
miroir,mirror
artillerie,artillery
insérer,insert
mobile,mobile
symptôme,symptom
graisse,grease
polarité,polarity
compenser,offset
accent,emphasis
a été,been
traiter,transact
calamité,calamity
production,producing
complexion,complexion
bouffée,puff
sagace,sagacious
classique,classical
inonder,deluge
hochet,rattle
éruption cutanée,rash
assise,footing
cône,cone
austère,austere
plausible,plausible
culasse,breech
orthographe,spelling
vente au détail,retail
raisonnable,reasonable
bulle,bubble
folie,insanity
oisiveté,idleness
procédures,proceeds
boucle,curl
monter,ascend
épouse,wife
réforme,reform
ballon,balloon
créer,create
rage,rage
supplier,entreat
insertion,insertion
offenser,offend
vagabonder,rove
déplacement,shifting
douzième,twelfth
inspecter,inspect
décider,decide
manquer,miss
athlétique,athletic
dépassement,exceeding
ambition,ambition
absorber,absorb
tangente,tangent
appât,bait
intercepter,intercept
traduction,translation
assombrir,darken
stabilité,stability
facteur,factor
octave,octave
insnare,insnare
propager,propagate
mandat,tenure
à bifurcation,forked
obstacle,obstacle
museau,muzzle
complexe,intricate
grille,grate
maussade,peevish
assignation,summons
locomotive,locomotive
insoluble,insoluble
collecté,collected
amusement,amusement
varier,vary
sourire,smile
reproduire,reproduce
goutte,dropping
plafond,ceiling
indigo,indigo
message,message
pitié,pity
vorace,ravenous
rapidement,rapidly
quadrant,quadrant
couché,lying
inviter,invite
joyeux,merry
souple,pliable
responsabilité,liability
supposant,assuming
germer,sprout
troc,barter
suggérer,suggest
monstre,monster
attendre,tending
éthylène,ethylene
rempart,rampart
fil,yarn
règne,reign
élevé,lofty
déchets,rubbish
avant tout,foremost
fondre,melt
à,to
dix-huit,eighteen
dents,teeth
à plumes,feathered
officiellement,formally
téméraire,reckless
amortir,deaden
épicéa,spruce
mélasse,molasses
gaine,sheath
secret,secrecy
entrailles,entrails
horreur,horror
géométrie,geometry
provoquer,provoke
identité,identity
eux-mêmes,themselves
se conformer,abide
valide,valid
satisfaction,satisfaction
cultiver,cultivate
assurance,insurance
douche,shower
abattement,dejection
rue,street
banc,bench
entailler,notch
sanctuaire,sanctuary
menacer,threaten
cœur,core
soif,thirst
potassium,potassium
sphénoïde,sphenoid
brillant,gloss
meurtre,killing
souvenir,remembrance
acuité,acuteness
creusement,digging
dotation,endowment
résine,resin
pointage,tally
sélectionner,select
tissage,weaving
bol,bowl
en pente,sloping
exalter,exalt
interrompre,interrupt
flétrir,wither
prévoyance,foresight
circulation,circulation
brancher,gill
obscurité,obscurity
distiller,distill
inscrire,inscribe
esclavage,bondage
hâtivement,hastily
notation,notation
péricarpe,pericarp
communication,communication
grimper,creeper
perdre,forfeit
appréhender,apprehend
pleinement,fully
chemin de fer,railroad
échange,interchange
provenir de,originate
sac,sack
capturer,capture
escrime,fencing
renseigner,inquire
considérablement,greatly
dégradé,degraded
conseils,guidance
souhaitable,desirable
insensible,insensible
broche,broach
fourchette,fork
engrenage,gear
adultère,adultery
variole,smallpox
rigueur,rigor
climat,climate
chasse,hunting
rejeter,reject
approuver,approve
observance,observance
cricket,cricket
se rapporter,relate
en poudre,powdered
abaissement,lowering
méditer,meditate
payé,paid
inquiétude,uneasiness
indigne,unworthy
ramification,branching
argumenter,argue
épaisseur,thickness
tout au long de,throughout
qualités,qualities
absurdité,nonsense
vol,stealing
garniture,lining
se détendre,relax
infuser,infuse
supplémentaire,additional
immerger,immerse
réseau,network
comprimé,tablet
teinte,tinge
en avant,onward
Jupiter,jupiter
pourpoint,doublet
fission,fission
de nouveau,anew
caution,causing
manche,sleeve
ambre,amber
excrément,excrement
humide,damp
affront,affront
limiter,restrict
embuscade,ambush
croissance,growing
irritable,irritable
hommage,homage
regret,regret
vitalité,vitality
prairie,meadow
nord-ouest,northwest
feuilles,leaves
autre part,elsewhere
placenta,placenta
habituer,accustom
donc,therefore
intelligence,intelligence
destin,destiny
manteau,cloak
interdire,forbid
disparaître,disappear
cylindrique,cylindrical
cinquième,fifth
hâte,haste
déjà,already
durable,durable
arrivée,arrival
féroce,fierce
affliger,afflict
sillon,furrow
douloureux,sorrowful
plume,plume
aniline,aniline
cocher,tick
connecté,connected
serpentin,serpentine
cracher,spit
époque,epoch
amplifier,magnify
ivre,drunken
torpille,torpedo
fortifier,fortify
session,session
vertèbre,vertebra
expédition,shipping
pétrole,petroleum
assister,assist
trottoir,curb
en morceaux,asunder
occurrence,occurrence
nettoyage,cleaning
qui se produit,occurring
illustration,illustration
verbe,verb
assemblage,assemblage
séchage,drying
murmure,murmur
dévier,deviate
cuisine,kitchen
zinc,zinc
anticiper,anticipate
servitude,servitude
quai,dock
journal,newspaper
retard,retard
glissement,sliding
en lambeaux,ragged
affreux,frightful
d'où,whence
strate,stratum
différer,differ
satisfaire,gratify
conjecture,conjecture
possession,ownership
capricieux,whimsical
simple,mere
variante,variant
arboricole,arboreal
sujétion,subjection
conflit,strife
s'abonner,subscribe
pommade,ointment
symétrique,symmetrical
exactitude,exactness
fidèle,liking
effondrement,collapse
pudding,pudding
cultivation,cultivation
défavoriser,disfavor
dard,dart
renouveler,renew
expédier,consign
plaidoirie,pleading
saline,saline
calcaire,limestone
justifier,vindicate
pouce,inch
héroïque,heroic
préface,preface
contrairement à,unlike
cruauté,cruelty
semblant,semblance
mention,mention
parapet,parapet
volonté,readiness
demeure,abode
troupe,troop
veste,jacket
équateur,equator
invisible,invisible
obstacle,hindrance
anthozoaires,anthozoa
pointe,spike
réfractaire,refractory
narration,narration
magnétisme,magnetism
bitume,bitumen
mesures,measurement
injuste,unjust
taupe,mole
saule,willow
rétracter,retract
combinaison,combining
prospérité,prosperity
maltraire,allay
stockage,stocking
lymphatique,lymphatic
adapté,adapted
prolonger,protract
sobre,sober
explorer,explore
abondant,abounding
agitation,commotion
piquant,pricking
affixe,affix
plongement,dipping
nutrition,nutrition
forçage,forcing
palais,palate
cartilage,cartilage
république,republic
réprimander,rebuke
marche,walking
récupérer,reclaim
double,duplicate
arriver,arrive
quitter,quit
quartz,quartz
coquille,scallop
deviner,guess
atout,trump
homologue,homologous
seize,sixteen
craindre,grieve
enlèvement,removing
abattage,slaughter
extrait,extracted
aldéhyde,aldehyde
titmouse,titmouse
docile,tractable
révéler,reveal
observation,observing
à la retraite,retired
cancer,cancer
charnière,hinge
obscène,obscene
illustrer,illustrate
tripler,triple
traversin,bolster
joue,cheek
plénitude,fullness
vorace,voracious
papillon de nuit,moth
sauvegarder,save
sculpture,carving
grappin,grapple
régime,diet
véhémence,vehemence
colis,parcel
tabernacle,tabernacle
rêve,dream
opaque,opaque
cathartique,cathartic
hareng,herring
bateau à vapeur,steamer
taller,tiller
poussée,thrusting
fulminer,bluster
propriétaire,owner
certitude,certainty
se balancer,sway
écarlate,scarlet
accession,accession
glutineux,glutinous
déclivité,declivity
populairement,popularly
correspondre,correspond
biais,bias
nocturne,nocturnal
calcaire,calcareous
tranquillement,quietly
trompe,proboscis
gel,frost
jupe,skirt
confidentialité,privacy
coût,cost
fusil,rifle
support,bracket
récemment,recently
instable,unstable
vraiment,truly
malheur,misfortune
huître,oyster
diluer,dilute
confesser,confess
extraordinaire,extraordinary
contribuer,contribute
tricot,knitting
déesse,goddess
ponction,puncture
raser,shave
visage,countenance
frivole,frivolous
esclavage,slavery
maquereau,mackerel
saveur,savor
indivis,undivided
redresser,redress
trébucher,stumble
réprimande,reproof
triangulaire,triangular
aptitude,fitness
conférer,confer
fumier,manure
basique,basic
fêtes,parties
phénomènes,phenomena
expulser,expel
idiome,idiom
thème,theme
stimuler,stimulate
admission,admitting
draperie,drapery
genres,genera
pays,countries
précédemment,previously
impliquant,involving
séparation,separating
ensemble,set
cerceau,hoop
sans esprit,spiritless
sonder,plumb
banc,shoal
pavillon,pavilion
endurance,endurance
encombrer,encumber
pendant,pendent
dinde,turkey
conviction,conviction
réception,receiving
faction,faction
souple,limber
être en désaccord,disagree
prévaloir,prevail
cage,cage
fermoir,clasp
transmission,conveying
mammifères,mammals
protoplasme,protoplasm
exercer,exert
empereur,emperor
à cheval,horseback
mousse,froth
célibataire,bachelor
paysage,landscape
frappe,knock
édifice,edifice
capacité,capability
boucle,buckle
disparaître,vanish
légitime,lawful
jeune fille,maiden
témoin,telltale
condamner,convict
apaiser,soothe
escargot,snail
frein,brake
moineau,sparrow
balle,chaff
camp,camp
filament,filament
froideur,chill
tracé,tracing
élire,elect
accusation,accusation
Poissons,fishes
envie,envy
faim,hunger
librement,freely
clignotant,flashing
discrédit,discredit
professer,profess
humide,moist
affirmer,affirm
mélodie,melody
pneu,tire
souple,pliant
effusion,effusion
exclusion,exclusion
texte,text
enrichir,enrich
ustensile,utensil
frugalité,frugality
vengeance,revenge
parc,park
implicite,implied
dans,in
couronne,corona
fusion,fusion
dissection,dissection
tragédie,tragedy
purifier,cleanse
tromperie,deceit
plus long,longer
presque,almost
pendule,pendulum
double,twin
respiration,respiration
infanterie,infantry
grêle,hail
consommer,consume
saisir,distrain
réduction,reducing
accord,chord
rapidité,swiftness
levier,lever
prospère,prosperous
colonie,colony
sélection,selection
illusion,illusion
ventiler,ventilate
Arctique,arctic
crâne,cranium
lin,flax
entreprise,undertaking
se comporter,behave
urinaire,urinary
assistance,assistance
mais,but
corail,coral
humoristique,humorous
dix-neuf,nineteen
similitude,sameness
ressentiment,resentment
bien sûr,sure
textile,textile
échelonner,stagger
vivacité,vivacity
iniquité,iniquity
convoquer,summon
clause,clause
velours,velvet
frottis,smear
englober,encompass
à la mode,fashionable
s'immiscer,intrude
garnir,garnish
composition,composing
métier à tisser,loom
éloquence,eloquence
parchemin,parchment
infection,infection
magnésium,magnesium
prélude,prelude
mécontentement,discontent
pouce,thumb
tympan,tympanum
répéter,rehearse
dicter,dictate
avortement,abortion
séminaire,seminary
sauter,skip
répugnance,loathing
sucer,suck
pyramide,pyramid
établissement,establishment
pénitence,penance
trinité,trinity
ressort,springing
larmes,weeping
gaieté,gayety
portée,stave
ballon,flask
concours,concurrence
humeur,mood
graphique,chart
inscription,inscription
baptême,baptism
calcul,calculus
durable,enduring
prédire,foretell
réprouver,reprove
eucharistie,eucharist
folie,madness
stupidité,stupidity
catalogue,catalogue
atome,atom
collation,collation
oreiller,pillow
calculer,calculate
éjecter,eject
logement,housing
emplacement,location
touffe,tuft
contrecarrer,thwart
illicite,unlawful
armoire,cabinet
ventricule,ventricle
gréement,rigging
voyage,trip
décision de justice,assize
entraîné,driven
tapis,carpet
blesser,hurt
pompe,pump
désir,longing
rayon,radius
ambiguë,ambiguous
albumine,albumin
oppression,oppression
gothique,gothic
majestueux,stately
accroché,hooked
cisailles,shears
franchise,franchise
bien que,although
fraction,fraction
distinctement,distinctly
droit,entitle
depuis,since
fantôme,ghost
divorce,divorce
prophétie,prophecy
changeable,changeable
explicite,explicit
conseiller,advise
cupide,greedy
gaspiller,squander
inscrire,enroll
révolte,revolt
gronder,scold
présager,foreshow
évaporer,evaporate
rapidement,swiftly
stéréotype,stereotype
herbe,herb
robuste,hardy
autoriser,authorize
absorption,absorption
cloître,cloister
âcre,acrid
million,million
utérus,uterus
onzième,eleventh
quinze,fifteen
jury,jury
hydroxyle,hydroxyl
variétés,varieties
chirurgie,surgery
Chambre des communes,commons
inventer,invent
responsable,responsible
récompenser,requite
transporter,haul
résider,reside
tour,lathe
alléguer,allege
épouse,consort
mentalement,mentally
creuser,excavate
enterrer,bury
babiller,babble
solliciter,canvass
pension,pension
bénédiction,blessing
changer,switch
éduquer,educate
baume,balsam
mélanger,shuffle
étouffer,stifle
outrage,outrage
invasion,invasion
apaiser,appease
inclinaison,tilt
se baisser,stoop
vexatoire,vexatious
pari,wager
orbite,orbit
tamisé,subdued
poignard,dagger
indication,indication
hackney,hackney
rechute,relapse
apprivoiser,tame
spéculum,speculum
carbonique,carbonic
syllogisme,syllogism
luxe,luxury
tricoter,knit
dépérissement,wasting
rejeter,dismiss
désignation,designation
corporation,corporation
couplage,coupling
Vénus,venus
ballast,ballast
somptueux,lavish
enregistrement,recording
courbure,curvature
fraise,ruff
beaupré,bowsprit
bastion,bastion
tresser,braid
consulter,consult
herse,harrow
accélérer,hasten
trahir,betray
fantoche,puppet
jouant,playing
en privé,privately
célèbre,famous
affirmer,assert
autorisation,permission
moutarde,mustard
nuisible,hurtful
renversement,reversal
comité,committee
tripler,treble
poussée,pushing
ductile,ductile
affirmation,affirmation
flux,flux
remise,remission
congrégation,congregation
ennuyer,annoy
critiquer,criticise
mortifier,mortify
tabulaire,tabular
frisson,shiver
mécontentement,displeasure
caractéristiques,characteristic
zigzag,zigzag
audible,audible
réversion,reversion
chancre,canker
requin,shark
concernant,respecting
pistil,pistil
agilité,agility
sulfate,sulphate
couronne,wreath
gonfler,inflate
présage,presage
lubrique,lustful
huitième,eighth
cabestan,capstan
rendu,rendered
craie,chalk
engendrer,engender
double,twofold
est tombé,fell
vacance,vacancy
se précipiter,bustle
misère,misery
Hollande,holland
silicium,silicon
antagoniste,antagonist
effroi,fright
concrétion,concretion
maîtriser,overpower
contestation,dissent
introduction,introduction
poterie,pottery
chasse,hunt
vies,lives
densité,density
bouquet,bunch
renverser,overturn
réveil,revival
autoroute à péage,turnpike
opératoire,operative
finition,finishing
colonne vertébrale,spine
démonter,dismount
voile,veil
submerger,overwhelm
grossièrement,coarsely
perplexité,perplexity
ellipse,ellipse
discours solennel,oration
affluent,tributary
sainteté,sanctity
défaire,undo
restauration,restoration
artiste,artist
environs,vicinity
tremper,soak
vacances,vacation
pivoter,pivot
négligence,negligence
uniformément,uniformly
écho,echo
modifier,modify
témoigner,testify
absurde,absurd
algue,seaweed
projectile,projectile
aberration,aberration
piston,piston
saturer,saturate
jachère,fallow
moelle,marrow
infirme,infirm
essai,testing
apprécier,enjoy
languir,languish
stationnaire,stationary
payable,payable
soixante-dix,seventy
embrayage,clutch
Chine,china
pacifique,peaceful
sœur,sister
succion,sucking
prêcher,preach
poursuite,prosecution
jaunisse,jaundice
pente,gradient
hypothèse,hypothesis
commentaire,comment
dissimulation,concealment
tribune,rostrum
en train de mourir,dying
accuser,accuse
parler,talking
hériter,inherit
verre,tumbler
frauder,defraud
bassin,basin
calme,calmness
symphonie,symphony
rudimentaire,rudimentary
négocier,negotiate
caille,quail
révélation,revelation
grandeur,greatness
responsable,answerable
veuve,widow
modifier,alter
falsifier,falsify
automne,autumn
ovale,oval
arbalète,crossbow
reculer,recede
trappe,hatch
érection,erection
auxiliaire,adjunct
habitation,habitation
inclinant,inclining
réaliser,realize
folie,folly
patronage,patronage
mariage,wedlock
serpent,snake
abréger,abridge
lugubre,dismal
senior,senior
séquestrer,sequester
organisation,organization
malade,diseased
vide,vacuum
bryozoaire,bryozoa
immersion,immersion
se concentrer,focus
tresser,plait
dioxyde,dioxide
patte,fluke
entretien,maintenance
froisser,puddling
humidifier,moisten
russe,russian
dispositif,retainer
granit,granite
carrière,quarry
poudre à canon,gunpowder
moulage,molding
augmenter,heighten
arpentage,surveying
creux,trough
recherche,searching
poignarder,stab
raffinement,refinement
noire,crotchet
utiliser,use
monticule,mound
rythme,rhythm
réalisation,attainment
rectifier,rectify
muse,muse
enchères,auction
définir,define
apparemment,apparently
tarse,tarsus
incapacité,inability
bagages,baggage
embarquement,boarding
pourrait,might
serrer,clamp
modifié,changed
passable,passable
répandre,spill
délire,delirium
cercueil,coffin
tromperie,trickery
polaire,polar
phosphore,phosphorus
se fondre,coalesce
consacrer,consecrate
briser,shatter
ulcère,ulcer
jeter,toss
débrayer,disengage
règle,ruler
calice,calyx
méchanceté,wickedness
mis,placed
changement,changing
félicité,felicity
vocation,vocation
présence,attendance
faussement,falsely
agrafe,clip
potasse,potash
corps,bodies
libérer,liberate
taille,waist
avoir l'intention,intend

------WebKitFormBoundarylcg9KwMewNUoNLej-- acid
g